"y","x1","x2","x3"
14923.334338938,48.8029325139971,202.174619067625,"C"
19135.6566023532,50.3717001273547,195.965649440936,"B"
15372.800047455,52.6180426308343,197.968019027707,"A"
15626.5950822569,48.7651779108202,197.876746316504,"B"
18134.0442144989,58.9610214907184,199.903761641165,"B"
12951.7589903527,49.1912402100962,192.844005580454,"B"
15602.7440164692,44.7500664942154,206.429158341845,"B"
15855.7499812464,50.1814938545955,206.570686444471,"B"
17483.1209721482,50.9093103383596,207.698369654637,"B"
16256.5128945065,54.0926386844464,203.375325780681,"B"
13847.1506535142,47.1726379595711,214.491699920798,"A"
14952.3236254431,51.3999577551846,194.335345078695,"B"
15098.0770383474,49.9934342314766,195.384751545897,"A"
15907.107289846,49.2141585419733,200.797833707674,"B"
15212.464291067,50.8290900136749,202.898704460995,"B"
14416.2268399468,45.8359903656199,204.126072184686,"B"
14780.1075614383,51.9719868500816,191.898831053796,"B"
16577.851806046,51.9291461878749,201.620569361785,"A"
16603.333695727,50.363085204837,201.570241803356,"B"
14163.2330660403,47.9382718395767,191.898178618707,"A"
16114.4555601119,50.338851100487,190.311915912212,"A"
17212.7989803248,50.9131313018424,201.923341336208,"C"
15668.6823936196,50.8121208624051,196.06813272246,"B"
15696.3392617169,51.4934828564618,198.886919900939,"A"
18568.6381188561,62.1775489803881,206.65943293623,"A"
16090.9336324315,51.8566679213736,201.939842767502,"A"
15037.2055945004,46.0048071793428,194.332141512947,"A"
15634.8567684154,51.5430897003108,198.252037928666,"A"
14132.0588230111,47.7798606571798,197.908297136079,"A"
16293.2625868855,50.7179592713466,212.266721085431,"B"
12975.0198468808,51.1552529086599,195.971624435236,"B"
18059.5142468286,55.6344377990666,197.630857614207,"A"
16380.0438672886,50.7402446786888,208.558352040566,"C"
15273.4823384226,51.3432304726579,193.043117269049,"A"
16243.0226469479,53.1861428819574,196.890702864593,"A"
15258.0867362031,51.4227144042536,194.703152856974,"C"
16435.2563654066,65.0427082504784,203.239394454953,"A"
15246.504622362,52.4529914739801,193.334881608863,"A"
14817.9161529904,47.5068878377486,202.035013587307,"A"
14099.054537445,43.7272804317895,205.074423220382,"A"
16198.4459306246,49.6675219903191,203.506455932759,"B"
13690.326909017,48.629596000871,191.217869769201,"A"
14310.1801777156,47.2061219153639,204.24911623877,"B"
15341.1440314772,50.3576389080693,199.820752716239,"B"
14437.8105459826,44.6854845563065,198.536062637179,"C"
13186.961987979,47.9959911617033,197.014596517731,"C"
14890.6398258863,55.27227801145,199.596362636037,"A"
16796.8619282024,52.1721070030417,203.446838889874,"B"
15803.3357609054,50.988465244989,200.26020526196,"C"
15541.7009898524,55.5810057069847,190.006965279809,"A"
13168.536315866,46.0272627696404,201.552021000279,"A"
14822.8241058222,46.6005510661189,199.926534470455,"B"
16679.32369709,51.4049460360847,205.124773448401,"A"
15601.2437633414,51.2274036812217,197.091873225383,"C"
14345.8558918412,44.2464669027973,205.653147483684,"C"
16045.2751556376,50.4455578655451,199.598259214555,"C"
15194.3515797001,44.4880040905249,211.204889503659,"B"
15259.6007596806,51.203257567269,194.316228266747,"B"
16228.2310455768,50.0647619634204,195.619311829138,"A"
13468.1519026967,47.0911734169728,193.911929820353,"C"
15344.0384361315,51.4718485801821,202.976369758635,"A"
10905.6532502565,41.8991288566514,206.263209252531,"C"
15002.5299806053,47.3941760712632,204.049328936146,"B"
14469.5643125797,49.4726109934871,195.534520666044,"C"
15783.7265808874,51.8877796546758,197.07137353415,"A"
12710.1916544274,49.65184007764,193.501427332551,"B"
20192.7848359524,58.0083865163564,201.831321296653,"A"
15694.028073264,50.5788823311032,197.760983265147,"C"
17232.9679751031,51.0510519008469,200.08959193493,"B"
17893.3057669816,53.8505378036523,196.278303369933,"B"
14578.1712511982,52.5080973565823,194.827796016458,"B"
16645.4339308815,49.8139796931381,208.722024191455,"B"
16085.0159498091,50.882675673502,203.780637215625,"C"
14861.9859837416,50.3468758076941,196.846667434035,"A"
14284.2290698481,43.6045785885771,202.583961114844,"C"
15996.9615667189,50.1517968315492,204.483309060094,"C"
16754.3507926382,57.4529926687245,193.606627961007,"C"
16913.278283289,54.4272612211245,200.796363334101,"B"
16010.7045406678,49.5904244895591,195.222125989593,"B"
15450.0975818888,53.2779440443324,197.098132075013,"A"
15877.9046057372,51.9727092320487,208.350437591098,"C"
10579.2362011497,34.2257639413706,205.076358237013,"B"
14102.5635245305,48.1159951533518,195.420811475985,"B"
17435.7034386729,50.8628218376256,204.868330943216,"C"
15854.4875702909,53.9355961305601,201.051653577242,"B"
13695.8465258721,49.4646852761608,206.160012394984,"B"
16624.1370174672,53.1506843122527,196.865707017668,"B"
14620.7699075117,47.5898280378898,198.579355891898,"A"
15466.6208467144,47.933945474756,202.789489497339,"A"
12160.6084844405,41.608701680672,188.477490908258,"A"
14606.5791726522,51.7905202323428,200.76734741045,"B"
15788.2026267364,49.2101902175875,194.800712395755,"B"
15335.6513856316,49.1552749572857,200.155310411622,"A"
15504.6740974742,51.7662489068653,200.194628627612,"C"
16142.3707134452,55.4146147896905,191.396203790606,"A"
15828.5070837704,50.0474703620011,201.355263825903,"B"
16345.6628932711,55.6846452146074,195.585974008097,"C"
15770.0672551562,51.3239609909502,193.127523603204,"C"
15255.6386450918,50.420743845657,204.633881792424,"B"
14997.0736598592,50.7096028676258,200.296043380278,"C"
15076.7376646999,48.961018900439,199.362545590875,"C"
11127.8819632167,36.8592098102271,198.380537068824,"C"
13663.5756182497,45.3718316414782,194.72757787078,"C"
15441.3882351102,51.6780534845628,199.742445105085,"C"
17509.3724032722,53.2727892037073,204.959348014231,"B"
17339.4657578321,51.5126745844484,198.034403526286,"B"
19178.6810884649,58.4711207524905,199.273988447433,"C"
14038.9414609894,47.7892125854923,194.941366835348,"A"
15692.5685704089,50.0356830948769,200.897677804144,"C"
12612.4162658112,38.9126695997478,204.084777509907,"B"
15966.4461345016,47.186074301372,202.409936176356,"A"
12700.350075423,46.9605938074546,201.37330582928,"C"
16530.7359967352,52.7426221637231,202.202961768308,"A"
14828.665080437,48.5722061604762,202.149382113902,"A"
14020.7911808632,45.6844669368073,200.062117168595,"B"
16753.7778495416,53.976701261659,202.372104689795,"A"
11595.6389083381,45.3436982447759,199.629932122569,"A"
16085.9038571328,52.5021580150051,200.670523774938,"A"
14397.4303372324,50.0658773341986,201.986064493256,"B"
17101.3007368074,54.495577711424,196.081598810403,"B"
15475.5239639135,47.6710514235759,201.540761763582,"C"
15463.4380832539,53.5957024329962,202.560105449362,"B"
15175.7184992758,50.6861479100107,197.919395023058,"C"
15192.630939789,50.9168172269599,195.867436264021,"A"
16546.4589216069,50.6266151064591,206.292457587865,"B"
15464.3455179989,50.8654182861787,205.659996650713,"B"
11822.8285317532,51.8578758917098,199.492806135274,"A"
14910.9823367552,49.4081210185644,191.791915407964,"B"
15224.8058972023,51.8261752481281,201.553996862978,"B"
13266.7999373437,43.9422699318602,192.29846746909,"B"
15217.2294100155,48.0047903843703,201.967670001864,"B"
14732.5642373806,50.4789037215728,191.933783725415,"A"
14970.5495123741,50.1059718357199,191.171638263374,"A"
17135.8816450547,50.0085875096745,202.24847001789,"C"
15816.3476747203,46.2810095359696,205.962419424599,"B"
16043.5411632203,47.8084220579926,210.569975347981,"A"
11463.9737179122,42.0183581184533,199.687416369768,"B"
16857.0573799552,53.035485886913,204.625255328586,"A"
14612.4193544097,48.9581236609145,199.380403927509,"B"
12820.0692498249,42.5592153681157,202.654284396607,"A"
14455.3175678602,48.6348909467173,202.69261521636,"C"
13176.3461456297,40.4187422954816,202.351481852165,"B"
15277.4807858432,50.2364499075777,197.657217942401,"C"
15785.2535520489,50.3471819988241,198.008129624071,"C"
14498.6792660761,44.3466012875542,208.926353925377,"C"
12972.6638730682,49.617168540244,200.150417919024,"A"
15902.5467441683,53.9616933271674,210.725360224405,"C"
15931.0772549991,51.0726771892347,203.50609567858,"A"
16431.7075076797,50.1888303222811,198.403474119563,"B"
14959.4867652902,46.7942617123694,207.186510525322,"C"
14605.2136090511,50.2286479061271,204.596320796218,"C"
18684.8882868718,58.9519975860446,203.207681946238,"A"
14492.7368692423,46.14417642748,196.262423943438,"B"
15510.3081132236,50.0049861750598,202.594338818602,"C"
13457.1118324212,44.3546011475591,200.02754554887,"A"
16857.6615911484,48.8097882347586,207.39121738581,"B"
13202.4740704727,51.0360173998912,189.435965606278,"A"
15413.7192458022,49.9719930192537,202.305468947208,"B"
15866.3580223394,48.8599667488022,203.424189099345,"B"
16220.1951997944,49.1763337788806,209.470153404495,"B"
14491.5690501708,49.6578950394316,194.755585614112,"B"
14674.8431111396,53.8427694698891,204.585080461707,"B"
14749.9435862973,45.9610561294616,202.718587321584,"B"
18086.5619580767,50.9758163081982,200.182348933439,"A"
15897.0759053232,52.7033104010142,192.572554798576,"B"
14955.4809661614,48.6635743689048,190.659117300583,"A"
18940.3098729623,55.9861764586537,202.481947362432,"C"
13559.9514793931,46.6623081892979,192.869445724042,"C"
13295.9586693115,45.1632984260664,197.028005394366,"B"
15924.1363887688,52.1100709174473,200.1212393983,"A"
13124.3599507131,46.5642530725909,199.31740035517,"A"
19509.4282097254,63.7284923042541,200.711771750153,"A"
14853.3987765751,47.7803415397723,198.728928418502,"B"
13825.4389778184,50.3070986951968,193.608413244305,"C"
17672.5523481964,57.5949491098032,187.587621366077,"B"
16944.3377364838,52.6045458244862,202.976961288277,"A"
15793.2744942118,51.9478582804699,195.347149956983,"C"
14124.8003369029,46.9782873524499,200.127990483888,"B"
15669.1248431098,51.634008270399,195.546724137482,"B"
10864.8126411027,41.8478660447073,188.761501937092,"B"
15520.1407819708,49.9195452173616,206.797023649309,"A"
17412.3111256994,54.0318751564892,202.887215297125,"A"
14325.1284643116,48.1033393911821,191.681158844332,"A"
14662.9582506218,48.9931951834958,195.123833183232,"A"
15185.7993088733,45.8291613420593,190.019555958281,"B"
17404.6482861264,52.6431016077721,204.208496142497,"A"
12382.4311567856,41.4668710618482,190.696116478022,"A"
15052.051309062,47.5502702729712,202.435796990987,"B"
15208.2806864689,51.7549364852147,196.824568775935,"C"
13256.2132706153,41.4508201529237,197.774555520972,"B"
15902.7807923909,50.9877114373895,198.449040657745,"B"
10056.1898326258,40.9539653368503,192.353018958651,"C"
15089.0191157994,49.8227277188889,201.985331496218,"B"
16283.5285335693,51.6925863767346,201.122171460371,"B"
14412.6125670009,51.3423151080219,195.680742135668,"B"
16069.9762712079,49.85502554202,203.965138610813,"A"
17138.2314423709,61.8365960340653,183.188929790679,"A"
16730.0129507198,52.4128419858382,206.915977588931,"B"
17574.6492211387,53.0998776224287,199.9818331928,"B"
13078.6322442658,43.5531723877229,197.034798301902,"B"
13816.4162971088,50.809878529732,200.593143224957,"A"
10719.6189194241,34.953181167252,204.993954966201,"C"
14349.0418703915,47.4139713741621,200.390034491537,"A"
16497.2659247933,49.4445185279191,199.631576353032,"C"
16727.4859605031,55.4627319764904,198.645828899383,"B"
16344.4899856294,49.8492553997437,204.69227106,"C"
11733.5853064882,35.3393813729286,198.679726629243,"A"
14520.0947221418,47.0054155906578,200.157450445855,"B"
14661.2665162777,49.0090813863078,201.487535061272,"B"
15337.4640240884,49.710493096943,197.823970745008,"C"
16576.3225826551,49.7803197421617,207.068774137228,"A"
14502.9166088667,40.906582632228,199.432171823866,"C"
15783.1178759182,50.8432301887364,206.505101397232,"A"
15106.0774994613,49.8904634924483,196.008033640264,"C"
20392.8833277174,65.208393393926,199.306605063665,"B"
15909.1823454832,49.5118497577437,209.4135116982,"B"
19217.9785061348,55.7985641504532,197.492241841263,"B"
16310.4141899252,51.5216288407816,201.884323160905,"A"
16141.7772267571,52.2853346197106,200.021337469626,"B"
12248.1291213536,41.1905114855844,194.587110737431,"B"
14979.591714262,48.4927540716569,198.719500663982,"B"
15276.7696812042,46.4397700133177,203.383030359946,"A"
13973.0150793504,47.5287977033124,193.239584147942,"A"
14220.8671835026,50.0085810786566,196.412699451461,"B"
14590.0694902114,50.1356550590924,194.879942489209,"A"
15975.6069537289,45.1006214133711,206.840247441671,"C"
17234.5207501946,53.1824492945013,196.729572285856,"C"
15330.3697494885,50.6440636821699,199.938795088792,"C"
15998.8272165001,51.2958670529323,209.823930426811,"A"
17618.5426784862,57.4599323705222,196.989574206224,"A"
17445.5749587083,50.85682403122,206.48339005323,"C"
11444.5954187612,44.6289147129684,199.307676804405,"A"
14359.3356586315,45.3173359100504,202.394109746918,"A"
15288.5591054749,47.7946226146563,205.576585124239,"B"
14282.2782660703,47.3871428771118,193.315499087088,"C"
16278.1236049947,49.7736197914377,195.204907302611,"A"
17151.1043149038,54.6909754803029,199.626912398788,"B"
15811.2474614588,51.0394999571098,201.330574714569,"A"
16535.5452511177,48.9069124038284,200.020746976457,"A"
17367.9091777007,52.7693156139087,205.340134460753,"B"
14670.5696549193,48.4295585730794,200.715340122895,"B"
18648.0020785264,58.4819953535878,200.158192911061,"C"
16635.7363215262,51.544075958315,208.066117241492,"B"
15076.5049011537,49.2528290809177,200.951284434155,"B"
15301.7396644997,48.2062774602208,192.158378016855,"B"
17518.9882750876,50.9414231968219,204.150029279225,"A"
16402.645734255,57.6852550568208,196.524276885637,"A"
16174.8795031197,51.3082070248874,205.74629889002,"B"
15869.0377283511,52.1530791630237,199.777141496509,"A"
10717.6969970256,36.771325447421,200.191315102109,"A"
15057.6938587118,50.0709530358293,202.083199063629,"B"
17475.5310255224,51.2464140372351,205.990514381864,"B"
15544.9741249357,52.7207669967087,195.772152014848,"C"
15281.9085795932,50.1813125513667,201.635202804761,"C"
17071.8543804248,54.6484894804083,197.285231455685,"C"
16480.2913902967,52.2163462279072,205.710980808816,"B"
8195.9877753601,24.9060488587637,198.497673885465,"B"
15815.961472244,52.8805814426747,199.621722563727,"B"
14566.9685930349,47.6126017610107,196.306180050689,"A"
17821.4876804783,52.5809432229389,209.833145135837,"B"
16110.5277642481,51.2982165067465,203.708955877658,"A"
13918.5611983054,46.4081015331443,202.006162695108,"B"
15360.8823910923,47.5512766030365,203.264539537347,"A"
15717.1466347371,49.5247620787003,206.154515596767,"C"
15029.567958641,49.0125571087934,197.855436520388,"B"
13765.4040726946,47.204522737268,197.561952034223,"A"
11055.7631164017,37.5986943379748,195.888027930573,"B"
15701.5041638725,50.4534943398636,199.699384636107,"A"
15222.0005390787,49.7606130231703,202.014177669964,"C"
14615.1032850235,48.9672701408821,192.687125035711,"B"
15641.2188285363,50.6564208920693,199.095755877824,"B"
15806.5777569358,53.4371510682216,194.460157563859,"A"
15478.8872306134,50.3826516225163,203.146706297787,"A"
16044.61067419,49.5167557959616,201.353105968554,"C"
13360.9812234257,44.6309355067348,195.155406854867,"B"
13247.8476760645,48.0738145010097,198.375998685599,"B"
15766.8900900411,52.5245036203421,201.012576424416,"A"
15527.2432798453,49.4825266839273,205.173370092991,"B"
14838.0215955665,50.0438986141183,198.570128733841,"A"
14551.30789263,48.2177041664904,192.710700527192,"B"
16114.0794709013,53.1633336502678,202.214167415649,"B"
15556.4660681204,52.3919011630055,198.399683282673,"A"
14112.9997102206,46.6959379132118,192.878022825993,"C"
16918.8742962051,50.4344025511698,203.616606523346,"C"
16789.0371881765,54.6724016901186,199.329088967577,"A"
15013.2068953985,48.2141498938214,196.677410156388,"A"
14802.2164482486,48.1971147656473,202.602668592246,"C"
15452.4240491759,49.829509344276,196.764866880065,"B"
16126.8254553335,50.3815533590646,201.21864581739,"C"
15075.275019083,48.625022058434,195.054888788676,"A"
15355.1347485037,53.0363846998031,201.134443978825,"B"
18125.1914847799,53.7115919819015,196.802881311962,"C"
15307.5827940862,48.1681899842971,203.629269234225,"B"
14587.6527286328,50.466641689218,196.391308099059,"C"
16932.4125226248,48.8982035714585,206.482190718456,"C"
15347.5758666571,48.6201132919587,198.24791438414,"B"
11681.478816424,32.3520039687485,205.995048336608,"C"
16729.1913625276,51.2841187289709,215.458865626884,"B"
15203.2190621552,49.6545241102568,197.609720997254,"C"
15766.9040538265,48.4720615638721,204.84553403916,"B"
14332.0819391991,47.5400750692324,205.133472887015,"C"
18966.5512273912,61.8981815856526,205.749358286724,"B"
15586.7257716498,52.1301090296901,198.133996107964,"B"
15162.1954508171,47.056283438507,202.675062872954,"B"
15334.5077128064,47.5702434921333,202.322992648652,"C"
14154.1010409027,49.7406478256145,195.389751676655,"A"
18791.3364251693,61.2855955701797,202.072691364762,"A"
15458.4548626433,49.1681642695111,197.945418112519,"A"
14254.3898893379,49.103924982079,192.182767363061,"A"
16201.689895057,49.7268179450386,206.149360331005,"C"
14768.3729388566,47.949672390972,201.755325441944,"B"
17959.5330728533,53.8240117944216,198.606402481764,"C"
14851.892910339,48.1810165310518,199.301149752748,"C"
16611.1621024261,52.5579492393692,207.0325708169,"C"
13090.6489138927,42.2549628751422,199.807255257991,"B"
17336.1779457512,50.2447358865096,199.161288184572,"C"
18073.0596057191,53.8172457432711,195.462733882367,"B"
15114.2778394138,48.3681227255167,200.027965101493,"B"
16162.0074704141,50.4501197768731,203.322659496526,"C"
15930.2340211531,52.3467435623113,202.526211221465,"C"
16958.0320087689,51.1953730983667,211.104610313096,"B"
15092.6459195196,51.0262322134562,202.394443748183,"B"
16126.5402589151,50.8107688767886,199.962026508831,"C"
14751.1074799592,50.9978518264631,196.427826594518,"B"
16901.0025799831,54.0620283834385,197.914056066204,"B"
16664.3657223129,49.0321808995942,201.266732805371,"B"
20414.4674029902,63.4298469724642,194.11572252545,"C"
15150.2284668205,49.9819543725086,203.720653824042,"B"
14889.5509881274,50.778017704267,200.736892758898,"C"
13633.5912534107,45.5208422852508,203.390632037134,"A"
15355.8416293202,51.2395637002455,204.664884700962,"A"
16579.44757311,47.5446288504134,207.893329980735,"C"
15019.1375932396,48.0643296928961,202.641045846235,"C"
16465.1906382455,50.1209774347705,205.082576757689,"A"
15130.4798680777,45.5644241779662,202.612762953188,"B"
13845.46624645,52.3512778575789,194.759407398813,"A"
15689.660268371,51.4633833965517,204.313531777063,"B"
14333.7130195952,47.3190257670203,195.116676236856,"B"
15789.4149146106,48.9355946868024,196.450534797326,"A"
16096.3493289869,49.1656044860708,203.73371910365,"C"
18162.193020752,53.8474791331557,202.747023640491,"C"
11880.1894684042,43.7664070262272,197.781110724427,"C"
16195.6682330686,52.1814976325921,201.572602478452,"A"
15100.7200837208,47.8502140482291,200.285696603587,"B"
17106.9125940014,54.9005236897234,204.704648232518,"B"
15440.8986791991,49.614483563665,198.774723339523,"C"
17897.7261809246,55.2928378676537,195.055512109596,"B"
15651.2547111498,50.5524772822401,200.142690622658,"B"
14354.5888216115,48.9858725330321,193.629562432875,"B"
15771.7942861366,51.6085358324347,201.358360072205,"A"
11620.2587067438,46.7288531047356,189.052712512584,"A"
16973.4481923821,47.4191286450592,199.204466064318,"B"
15117.5703942749,50.0834296370785,197.877554569094,"C"
16216.035690614,53.2016633708396,204.925774405673,"C"
14889.7198515765,46.2400251203564,202.783845523603,"B"
13994.6287778431,49.9815486415756,202.040880869386,"B"
18458.9779999384,57.5654483442748,199.764801130716,"B"
14868.8040413606,49.5097098892323,195.440185489186,"C"
15077.9538057279,50.0409988424566,199.804761815557,"B"
18068.3268031841,60.755387582184,193.057971440944,"B"
17793.7747859563,50.1768420320964,208.462691909267,"B"
14407.6274838615,48.8852181067081,201.515655820626,"B"
17256.5959805777,53.9842264840094,200.917028038264,"B"
15513.6739582438,50.1936365709743,196.979584704171,"A"
14680.4449660563,47.7278418436226,205.996437792201,"A"
14666.1017263768,48.0279155036551,201.748356220891,"B"
16920.5115270663,59.0332126078071,198.570351352344,"C"
14724.9333874598,48.8311411323016,196.582832933088,"B"
15712.1263625806,51.4657293188376,199.354930998116,"C"
15088.7569738963,53.7148008125659,197.370344678516,"A"
16980.7186066196,50.7227058394765,200.635886908306,"C"
23412.8460941684,63.2444943447642,200.543344646699,"A"
15877.9912727418,51.3880854347347,204.785656937049,"B"
15403.3731998001,51.62160577366,195.138947995058,"A"
12522.8398560886,40.5406141430775,197.812128831426,"C"
16490.6031594627,49.2929130587229,195.014920225795,"A"
7495.86246968579,26.8425251989541,194.88877086015,"B"
15218.1713330213,49.5850403107728,204.830721883282,"C"
13844.386752831,49.5197203177879,199.651411756941,"B"
14321.1016322142,45.8954151260214,203.511455893148,"C"
15752.9183912516,47.223541155595,202.726896407501,"B"
17241.2164466892,46.3739641165748,201.815778015583,"B"
14166.9058697912,48.305905918437,193.186011114208,"B"
14839.8198453011,49.1713621312364,205.593550256014,"A"
14489.5175868789,46.3438639514362,209.423851443926,"B"
18865.6919467001,53.136155325632,205.018888333403,"B"
19516.6195245795,60.5154581895465,199.896866616051,"A"
16553.3620612612,50.2441460084173,203.173692432866,"B"
15232.0769010467,50.1730051779821,198.684532657481,"A"
12709.9895548845,42.9477663782962,199.20137111712,"A"
16059.9927851721,50.9290562953338,204.521328043889,"C"
13525.4730844657,52.7396184683165,199.201511359272,"A"
14271.4644847975,49.487769037843,183.661332538084,"A"
15410.0265660954,45.9247841971705,195.75413440757,"B"
14233.0574407891,47.02591056051,197.490094327111,"B"
14847.7552618038,52.1636192899088,194.4006230811,"A"
14351.0888151799,49.4040113372368,192.844414255776,"A"
15686.9084419875,50.3350219511651,207.672444474616,"A"
15178.4646238923,50.2887034704903,194.654685457143,"A"
14773.7292734034,48.8010217171625,189.44019344949,"C"
13714.5029691802,47.3700615009078,195.104724075319,"B"
13002.6991402884,40.4312511324688,199.195118594524,"B"
14350.1214884383,47.9438831880106,194.281981075239,"B"
15126.2556930635,49.1494826566564,199.004240216325,"B"
17113.9339728002,52.9159465201519,193.544693176691,"A"
14081.9191967736,48.4662755685575,194.454692039904,"B"
12814.6561795453,51.2630976322171,194.072378545438,"B"
15988.5315318264,52.1724340018437,196.525883978047,"B"
16695.7006639939,50.76260617334,200.659247678036,"C"
16673.8023198078,55.5157997562805,200.16530703412,"B"
16500.3414193248,49.7471462769711,207.127336747586,"A"
18622.9825863904,55.2191928272951,195.481312613073,"C"
16085.1273464756,52.2391769272133,198.625369718405,"B"
15288.3947759363,49.9465154438898,201.506477243883,"C"
14579.0258793746,49.0794952916494,195.14137776786,"B"
12550.0635752688,45.4794204673627,206.934362743513,"A"
17993.8880229494,52.4232267749724,202.830738037524,"B"
16469.0596407105,52.3453964025237,207.423282641924,"B"
16192.0798189754,51.5996231398456,197.172651941089,"A"
15300.8414864646,53.619109454888,192.974729320716,"A"
16946.6684575622,51.1923732467797,205.173874754605,"B"
14571.0497405671,44.5406733106383,202.514023784648,"B"
15766.7257663227,50.7006896245098,197.730128395899,"C"
16239.1887083689,50.9887130966996,199.854767219725,"A"
17409.9598534811,56.1927194728155,206.778444825114,"C"
16018.3442327179,51.3744313603182,200.73054376173,"C"
15457.8637179931,46.0790336246804,206.518255400199,"C"
17026.5024102058,51.8425009178689,209.154810166904,"B"
14500.8897020711,49.4701333423773,199.934783295262,"A"
17015.8396143602,58.5166162499697,200.331255788452,"B"
15723.4437698448,49.0834880684801,204.422110231761,"B"
11417.7089225426,39.4513780883398,204.192982246457,"B"
14861.8032821454,49.7718274376118,195.873173243923,"C"
16027.9371579273,49.6984325916573,202.226596161255,"B"
14288.5323772299,45.3330001580429,187.653817780414,"B"
17128.1789532696,49.8948270688484,205.642237210304,"A"
15420.0719669732,50.1198926953528,194.42431148367,"C"
14999.8453138729,50.1131978696972,195.44676922986,"A"
15017.2085118506,50.2305725334083,197.489129427383,"B"
19471.4396138444,59.4411919817041,200.164145838691,"C"
12672.6584722257,47.7926398146682,197.850210661668,"A"
13117.6083200958,46.117752714295,202.641233744266,"B"
15479.5228217085,47.5598935644837,202.817180176452,"B"
15421.6960504724,50.12427729815,196.35964913017,"B"
15549.6117645593,47.8378862027188,201.867078726115,"B"
16081.4063027919,50.5815387193355,202.711873727944,"A"
14530.4771992221,47.0051683109725,202.596304849832,"A"
15071.9124554338,51.0967000294427,196.149901453055,"C"
13432.4004492608,48.0464536247799,200.264683659295,"A"
13000.1436675915,44.9155082035295,203.13271910946,"A"
17547.5779949793,53.5205644287736,206.459802162698,"B"
16049.313902649,51.3118462251143,201.956791163402,"B"
14569.6279656606,48.0872100986351,200.880294889517,"C"
16416.0204264047,52.379307783093,199.17165696682,"B"
15990.5714412749,56.1625930955955,193.559432189523,"C"
13881.9521973911,49.9545512742296,202.754277129558,"B"
14574.3485757212,42.874778730607,204.181876695942,"B"
16216.7195542164,52.3049731141442,195.531301156288,"B"
16451.7318873563,51.9360297145679,203.463718797772,"B"
13904.0791730209,50.3702826483414,190.51071219854,"A"
14727.492306898,50.4304472264374,204.994043930737,"C"
16347.3309735777,51.6129091948733,196.957652299123,"C"
15756.897699846,49.3076084432065,202.495080756356,"B"
15572.0443505036,48.9262896985127,199.076306000653,"C"
16363.9917458659,51.2106423642078,193.406394225252,"C"
16339.7564735116,50.8626598975344,196.005179632081,"A"
17499.2898611526,51.1560516533413,203.91739986499,"A"
15835.8376428413,52.6166667901998,193.132675382855,"C"
16361.7555558621,49.1070328332322,202.430317001587,"C"
13857.8074220917,43.50561274806,204.047127586566,"B"
16727.1082932155,46.5731371306194,206.449394387881,"B"
11597.7628931655,50.0232897347582,198.453731994864,"C"
15797.0005869501,50.2137597895759,201.56364952501,"B"
16644.7032217656,52.0583125706818,200.108840790152,"A"
13863.9761935705,43.7926074119182,197.575713296775,"A"
13348.3313563857,50.8209322988758,189.695437259733,"C"
13380.4971634772,40.3882102186781,200.034584932791,"C"
15781.4762948458,49.1025938559085,212.651238679901,"A"
16218.7189625812,50.076346079868,203.939821998391,"C"
15572.4515745463,51.4562714109859,203.253501453328,"C"
14533.2803540098,50.9558195300397,197.186892347978,"A"
13155.5986452453,39.7966786297413,200.481244892871,"C"
16340.936660201,51.4410565358681,204.213817204537,"A"
16136.9832914731,49.0309622793243,199.869228568392,"A"
18216.1670133728,57.3281436846733,204.329401279514,"C"
17131.6937783334,50.9696373165376,202.240264200533,"B"
17354.8675303782,52.469841057756,205.009203349612,"A"
15059.1591092216,52.2042204089419,191.937715377996,"C"
14656.4060443935,48.1638149335701,199.584440196904,"C"
16777.2573234408,56.0553131281821,196.562353791191,"B"
15544.905436985,51.4208612849717,190.048832637306,"C"
8683.70466724106,33.3454877513994,195.996240931874,"B"
14866.3756470512,47.2323061853822,200.301706792838,"A"
15283.0240306499,49.206109398804,199.918839875669,"B"
13600.3012327623,45.3421885842226,193.61664581926,"B"
15423.7121042264,49.3092349333183,199.952500191624,"B"
14758.1803631075,50.1634218167781,212.137075311953,"A"
15708.1327563951,46.7734040808762,210.204770273456,"C"
16508.4865394029,50.7183716288265,199.630406315951,"C"
16580.237237678,53.227214435054,195.980624798128,"C"
13895.3279581933,48.1164592531718,197.45545864725,"B"
14572.0494928761,45.5537983482483,204.267832323442,"B"
13969.1254599824,45.0894748480774,194.669657182917,"A"
14999.4759929474,50.3750259056098,200.136661552725,"A"
12821.73654593,40.1201379353557,191.034486961424,"C"
17092.8594037704,50.1227679116348,199.840070736708,"C"
12755.0238216446,38.9831921305685,195.68157487002,"B"
15739.5459057728,49.4966473163307,197.508406072845,"B"
15896.7825548393,48.241506173949,199.575551854693,"B"
16208.4751188314,56.6922560474692,199.139943725306,"C"
15443.6487410368,48.9447620439457,201.358850534535,"B"
17234.0107072793,63.8079311131225,193.836827786401,"C"
15281.095750108,48.719964206581,201.179804895389,"C"
15455.2938723604,50.8692368658031,199.898321694452,"C"
11218.8263946616,34.3841749297074,202.938488809144,"B"
16519.0559961645,48.9198994910056,215.148108324402,"A"
14498.0430654652,42.447728652211,187.335300186869,"C"
15068.9342308961,48.0001505846686,206.315601530783,"C"
15825.7749620004,50.6826087542803,197.867666148838,"A"
14989.8012496944,48.4194800272587,195.847786286759,"B"
15340.5517561484,50.1736832488651,204.72649542589,"A"
18893.329796072,60.5153043577555,203.895876938837,"C"
15080.4467614947,49.8760671059415,202.815520318437,"C"
14438.9562191853,50.1290691323764,194.226858491063,"A"
16878.0638716397,49.9291499088186,208.471552329174,"B"
18179.8940984974,52.5811020547976,202.773106113117,"B"
17532.1820054114,52.8163967086847,199.873925345281,"B"
16698.2819013539,52.9213889725516,205.632829203142,"B"
17100.0066279527,50.9659442215214,204.991799739011,"A"
14745.9892148422,52.7670029725974,191.46356522177,"B"
13333.9681183891,49.9471944251347,202.491150101938,"C"
9744.70359494615,38.0149298734192,203.35976181341,"C"
15856.8697750022,51.7793269901072,199.84249651616,"A"
15933.3239239106,50.0319915001329,200.461418749639,"C"
18063.31829552,56.9339639867129,207.200525018909,"B"
16795.1841323356,53.2109540441659,194.306512380951,"B"
13776.8668633884,47.5791333506268,205.914124476453,"B"
15830.4547072416,52.7192155460232,196.113003141953,"C"
16200.3600780211,49.8075990354029,198.311411780039,"C"
14336.0967259893,46.2743301366585,202.327122041405,"B"
13898.9175934036,48.435431735571,193.355956987474,"C"
16169.6598555927,58.0561543498098,192.806573160688,"B"
16234.984867727,54.13654108404,193.355357308788,"C"
14572.454914081,51.255562250938,199.441538976591,"C"
19134.9628008128,54.5369100978423,220.523128200761,"A"
18355.5600136425,48.9300841888185,211.784362047121,"B"
14480.2160469726,47.9635617307122,204.118406974009,"B"
17418.2490062519,55.3852622543943,199.888840492122,"A"
16780.9745544036,49.8772211346622,205.357028134314,"B"
13591.6909866391,45.962852528815,187.871873462505,"A"
15323.544530196,47.9879962259682,207.645398235791,"A"
12759.0443628519,39.6516733520845,204.157505053631,"A"
15814.9844793483,49.0591851253199,204.830909913543,"A"
15916.7731684906,51.6633809702912,197.95053679294,"C"
14515.0546110878,52.404174273295,195.789799909735,"A"
13875.9529583277,48.4759999945156,203.419335950479,"A"
14310.4075451664,46.3504075189544,195.759028232941,"A"
15726.8426815951,48.9353443292295,202.534509148202,"A"
14992.6353641421,47.9566763507665,204.041292692893,"B"
14140.9080948503,46.5414924245685,201.698004507033,"C"
14505.5296038898,48.7096410713799,198.424247949087,"B"
16137.1041736299,54.7881567604337,201.882419953506,"A"
15561.3853609614,48.5647082215284,207.565340829374,"C"
15827.2125837162,51.7112460116267,195.067505116901,"B"
11396.8310507363,35.9307850218603,202.618107364746,"B"
15967.8893404764,48.6429195636718,202.717747476978,"A"
15409.2454241218,56.879518595556,198.799023070361,"C"
14638.0739329641,47.1884529036528,198.209743003311,"B"
15747.0182464289,50.5394798829606,203.404379111185,"A"
15386.1200045431,49.8629034707873,194.680650897276,"C"
15865.1434999262,51.5227056163596,196.630437707343,"A"
20657.420305798,56.9345192652929,200.630544947836,"C"
15310.3380433047,50.1130590851873,202.603189370305,"C"
14935.5300551181,50.2650335244205,199.714522347811,"A"
16365.1464059798,56.1130955786549,198.564271582459,"A"
16699.0025572708,50.3752792539252,203.356979492515,"C"
14662.0298643093,48.4908133347126,198.923292225432,"A"
14480.4405228663,46.3861444559213,209.792833622489,"B"
15410.3977455367,50.9567790808213,200.05782695095,"B"
14317.3873774781,46.3417368422191,195.092231002923,"C"
14813.296406567,50.6345534919258,199.976016517508,"A"
14237.5815226776,47.3517698147215,201.4532899761,"C"
15954.6328538394,51.5992635042212,202.0116608016,"B"
14683.2858902188,49.2872320041626,197.561618679355,"B"
17553.1217980514,54.0363864011324,202.228396480486,"A"
15022.9500704287,50.2751366224159,203.197762830777,"C"
18732.4033508349,54.9936075251874,207.743567142847,"B"
16193.4684865378,51.4123974106718,202.601714854274,"C"
13614.5567774767,48.1529032755238,194.071336887005,"A"
16258.1939717668,55.1789105741206,197.199520759939,"A"
14330.4912438961,49.1871089843852,197.250065075635,"A"
13957.6647823076,48.3333151877821,198.286909664483,"C"
16577.7336349426,53.5807583138311,205.960548963474,"A"
15676.5304682025,51.1826613372705,196.386241166776,"A"
16354.8629787087,50.689244306205,203.630611794363,"C"
16222.98483597,49.1625164380487,198.184018593093,"A"
16828.236922875,56.9522596941335,195.039067422507,"A"
16221.556761935,51.4505731652646,199.532498100566,"A"
16859.958890091,52.5429700664391,199.652157637488,"C"
14049.1535874452,43.4135841338718,201.12642396716,"A"
17197.2055358313,51.6823869019099,209.234759004569,"B"
18768.4200319504,48.4078764895439,209.022486901435,"A"
14806.4975012132,47.4900690651197,202.324414955376,"A"
14872.18130858,47.4616967450033,199.030898635425,"C"
11319.9628373057,37.6813442864172,188.429395479086,"A"
16200.0282057252,51.4919565043512,205.665602656794,"B"
17580.4579817316,49.170807969873,208.348638495539,"B"
15378.7706556945,48.5510012295587,196.591233224642,"C"
15842.4763997455,48.1096530450016,201.936488810239,"A"
16441.0143900197,54.2015081249059,199.341146652134,"A"
16154.0038916514,49.6211698967153,202.586177895472,"B"
15296.1869931397,47.8225918037119,199.859094689042,"B"
14733.125344986,48.4867957963804,200.076941657799,"A"
15022.2618179583,50.6075755048082,196.58351757204,"A"
16357.0520416562,49.4805466567333,207.412767676052,"C"
15336.2535367367,51.9763602958832,195.034323647536,"C"
13473.5957993735,43.167050306008,201.973104304679,"B"
14903.1550975655,48.3699604208567,199.877705917577,"B"
15091.3368835798,49.9373324792271,193.509316352576,"A"
16762.4132785913,52.4265459829579,204.974388420616,"B"
14263.9078640312,50.9876905898738,197.030405154457,"B"
18519.0546315747,55.8611495044365,205.317078891937,"C"
16626.7336161929,53.8122548512508,195.982014879763,"A"
14948.1125292848,48.735021868697,202.574296467989,"A"
17129.5558886409,50.937668068088,200.057617191883,"B"
16503.9299741779,52.4216852510741,207.423057743667,"C"
15843.8680974415,51.2835216117288,208.186665344838,"B"
15539.075792619,51.8352562108579,197.088244378606,"C"
15666.4133563151,51.371548579294,204.6711939601,"B"
16731.7792672648,50.5176462010528,205.273314462247,"B"
14596.1222065194,47.4430770842526,203.561854239388,"B"
14478.0848215543,41.7174501921489,203.713158463587,"B"
15137.6363011391,49.1060122287714,199.271834681008,"A"
16336.6619702062,50.7772671269287,205.746397437902,"B"
11931.449921104,43.0477846077325,192.837177118635,"A"
14450.1854422009,48.1497240243603,200.601892626813,"B"
12715.1024268947,37.4406573752576,196.947446638938,"C"
16110.6290518247,53.9788967365259,194.095546521691,"B"
15676.207163994,48.086534122105,202.422020896147,"B"
14577.7203258239,48.5240778497942,195.166519601669,"A"
14026.0679739164,52.1010861088889,198.892857734756,"A"
16825.2285008446,55.2056997009571,197.0086569064,"C"
16014.7781916903,50.2368424890909,203.603566389574,"A"
14662.6523080019,50.1742795917037,195.440874900554,"C"
15466.0950331799,51.6657242398132,206.102918725589,"B"
14433.5584887143,47.0969194320342,194.836084958165,"C"
13824.1985538864,47.3622173246795,192.635430443505,"C"
16787.843108812,51.8251295425881,210.398684675538,"B"
16030.5843408837,51.8974561108477,197.663481495686,"A"
18721.1238887536,55.9569266614128,215.631931936385,"C"
16072.5163608804,48.2583766532953,197.482341749405,"B"
13878.4620568158,51.0878618133532,195.603384624129,"A"
14131.9529552797,46.3699795056642,196.379664190037,"A"
16969.92266261,52.103097351182,201.602434237819,"B"
16975.9383325716,52.3773293942846,196.838097325619,"C"
16668.6620088893,49.6237647740513,205.785887068164,"C"
13364.1817009489,51.2241465949451,202.329354460667,"B"
15008.7594148357,51.4359817006317,189.517610287776,"B"
15524.806293211,47.8181085692542,206.745828922562,"C"
15027.5081100082,44.424218357521,208.330080625512,"B"
14288.0524407992,46.3751117454137,206.118296727948,"B"
11667.1717151373,40.8016286832276,199.244287990475,"C"
15866.235285342,51.9066271455873,194.680569047099,"C"
14976.283774484,50.9799260072182,198.258511633277,"C"
12761.8916406344,41.4193364504741,202.11545749452,"B"
15349.17492362,50.0156259712719,198.84597325636,"B"
12245.1856775361,41.8938483729615,193.553083473074,"C"
14489.8631517754,47.4847214585561,200.400480993607,"A"
15949.6207490102,49.9779212734154,202.172637900678,"A"
17520.3984423805,53.111659171135,197.764528940634,"B"
11680.4010189935,46.5817526643846,196.408211877463,"A"
15626.9306196206,54.3926165821473,203.047551154672,"B"
15067.8849010692,50.0549035901812,197.685072388102,"C"
15703.3831364855,51.4913161416757,200.757091668529,"B"
16646.5366126534,54.489114844164,186.913996881215,"C"
16347.7634703561,47.5364698632116,205.558352145377,"B"
11223.7780899867,43.2031643625459,196.102536746458,"B"
15006.0485528712,47.9161826946524,198.632421502347,"B"
15778.9966988624,48.0367920247626,201.351458333048,"C"
15902.9037008988,47.44991529995,208.488237199093,"B"
15575.57068462,49.4376015747279,191.553451493689,"C"
14336.6136952674,52.7320990212457,214.166236291181,"B"
15629.5495581462,49.9820708433882,199.876793032994,"A"
15324.326596137,49.474763234197,202.744623190618,"A"
17987.0823267297,57.5017503946252,210.734612907066,"C"
15992.1689682708,48.6594223460076,199.334733038681,"A"
19740.2985087997,55.7991404949272,200.358891969977,"A"
14651.6802375902,47.9172172552538,198.034935210651,"C"
16280.7228052135,50.8791294686259,204.367085590224,"A"
14815.410014317,48.2537253383584,194.905085528057,"C"
17764.242304224,53.8274063615277,194.022832840376,"C"
19865.1045374269,59.0502506964625,191.899672828652,"B"
15309.9842737975,51.1558869069832,196.243764666156,"C"
15785.8261978549,53.3858606011344,200.638176502891,"B"
14303.4492138757,45.9486704537288,208.78783169129,"C"
13718.7453952763,47.8841544193022,205.731932137825,"B"
16461.4044545845,58.5297197585344,204.338476341959,"C"
15420.7950237438,50.6280384538703,195.683657532836,"A"
14479.9963447036,49.4736346771246,197.885327215114,"A"
14942.6121624301,51.3744462392405,204.710846097973,"A"
14164.3829780001,49.4574471413308,189.98985100093,"C"
15224.4742848008,60.8121064960162,204.07264599126,"A"
14708.2050486334,49.0984335502204,193.768599331372,"C"
16577.6302414362,52.4192861754562,201.185222700238,"B"
14463.9159569481,48.6882123191987,204.648747551566,"C"
17228.6013927635,51.3163582225937,203.57944138293,"A"
16924.4992523737,52.1162203959651,198.746320959117,"B"
15798.1851886575,52.0088513542925,196.137563680854,"A"
16052.4912572932,48.8432486028943,192.634019969367,"A"
14750.2151701254,43.3468691340417,204.671253027972,"B"
16147.9884625658,51.9551883062088,194.276476369297,"B"
14528.4208981787,48.9410795294363,195.307105812962,"A"
14823.4003791236,48.9598718298445,198.2020686553,"B"
15976.0425118085,49.9348717238851,204.206621242512,"B"
13307.749389621,45.2368708482337,206.040310601603,"A"
14106.6379209505,50.1256319777354,206.159780308795,"B"
13137.1385448424,37.7278400304404,202.424577821627,"C"
14940.5324304112,47.2547114032601,202.568325105074,"C"
16827.0234414231,48.8806275082186,201.301237201237,"A"
13406.6287442737,45.3823014870095,196.139704061303,"A"
14395.0471554556,49.5613137909038,191.396885476208,"B"
15018.6535262728,45.5379955782794,211.927020308614,"C"
13477.6489096414,44.0813833731358,199.878336506845,"C"
18228.2505141462,50.5262952111457,205.514960030255,"A"
17089.4043689301,56.2848181547098,204.408515800481,"B"
15313.4560894483,51.5171771962912,203.530787247324,"C"
8102.00662412733,36.700307620446,200.548276228299,"A"
15137.8431513429,49.0675964953211,196.614971750371,"B"
14604.3971053337,49.0244204340931,198.331603062194,"A"
15245.6128758632,50.2607082102608,197.555127015823,"B"
16486.1925543337,50.6416932576551,203.356538750244,"C"
16012.0748305089,51.8737986568304,209.563125944414,"B"
15178.8253676048,47.1622223582259,203.878811239592,"C"
16559.3433852008,52.2746052947173,201.481594237465,"A"
16142.3114361851,54.0526324036718,196.166935820234,"B"
14664.7035606718,52.0270344745993,195.741148979331,"A"
17922.3595949278,55.3068217269548,205.931044836545,"A"
15235.7192845008,48.2571902373003,204.42311417609,"C"
15777.7822483111,53.0371503635424,200.304190385638,"B"
11995.9163316667,38.109623230262,201.61848971231,"A"
13456.0852180081,47.0917295020935,195.335510470443,"C"
13891.3007631334,43.5304935772453,202.441536701169,"A"
15526.537657817,49.4943357809666,197.034157983384,"C"
15176.373596045,51.1828637541708,197.763436687308,"B"
18051.9295199933,57.4592199396864,215.549960503435,"C"
14697.4656104876,50.3128607811232,204.192125817664,"A"
12911.4224076938,42.3956250319521,194.326867720372,"B"
15318.4252947824,50.9560905240031,201.324590623702,"B"
15267.4646833338,49.2462385996616,200.504141421205,"B"
18046.7991161079,57.8203745780498,202.50546387042,"C"
16434.5219915592,52.6348201249123,193.213746975336,"C"
12728.6512200416,46.5368682453517,194.54896107104,"C"
15421.6188931368,49.4385884624854,202.488346952403,"B"
16031.4159527014,49.3256266504577,198.658269078006,"C"
18810.3908656232,60.9744982140783,205.933074765363,"B"
14709.7049994778,50.8848301119884,198.920626407699,"C"
12323.9353154654,41.9766238417144,203.637422651322,"A"
15950.9133266735,50.3655249147288,202.389232069261,"B"
15396.8611374595,50.0123225226376,197.25806226044,"B"
16585.7872957789,52.995549912221,201.485785817738,"B"
12995.3593615224,47.8327072529491,203.751601705966,"B"
12685.8981278402,43.8077018549369,194.270867308714,"B"
14841.7309365558,50.3193599485741,186.246678721715,"B"
17180.8977872772,50.4052883674884,205.351971488844,"C"
16005.6819801228,48.5991929658261,200.749333576445,"B"
14733.4431452978,48.4448327066139,202.826141768225,"A"
17817.4978684691,46.3277447032475,205.057715723807,"B"
16168.6786390048,55.0756422935535,190.493280797216,"B"
15756.1974937141,51.9221585843453,200.848184354749,"B"
12832.1976847613,46.8795328440265,192.037715916823,"B"
16559.2036236586,53.2556868382358,212.566757318185,"B"
13967.4038346267,50.4382436387378,193.986688337887,"C"
14944.3132514472,48.6052891987392,201.414479537049,"B"
17020.3609706296,50.164446574523,204.465761661609,"B"
16363.5590432745,47.5490991598991,203.749450502515,"A"
14692.5565763477,48.5729337809899,208.20637291408,"A"
11295.488643043,41.2381125989045,195.73425061838,"A"
15353.4258519864,49.7667374844618,199.146183223273,"C"
16371.6408025487,52.7689995682638,197.795047468876,"B"
17041.7973317597,53.822554067161,202.559760863496,"B"
13819.2758785823,48.0086626412832,205.013406248921,"C"
14809.0418295402,48.6409354727107,206.697965335563,"B"
15695.5698033555,50.0004578800306,203.203072529113,"A"
15309.8561150747,47.5761214879664,202.95102170181,"A"
15834.5610163237,50.5499923981021,200.106143886871,"B"
14610.5860396044,51.8816973904523,205.047258670359,"A"
17097.4038062685,61.3780715856056,196.600196558248,"B"
15062.4871269245,48.0496790832315,196.766805572627,"B"
14822.7401874595,49.8279537197469,202.936001443161,"A"
16322.1401194059,52.6979949477072,195.982310297019,"B"
16008.2418227987,49.6321970550049,203.87040189746,"A"
13021.3318029785,51.4791339427633,195.94669345987,"C"
16407.909445241,53.4313557632018,201.031160668175,"A"
14279.2950236179,47.822042196689,193.623075951046,"C"
17191.5228720587,52.9634831191067,205.823839197534,"B"
16115.3873596848,46.8362129355447,206.253975170305,"C"
12941.4583851127,50.5798103913663,201.201027983692,"C"
15044.6013773002,49.4172592971481,196.360746028509,"C"
15456.1020524092,51.0802427808581,203.770075985943,"A"
12902.6539623932,42.0123356187382,200.890014508492,"B"
17384.7471213824,52.1689196171964,206.766392793518,"A"
15967.5924263729,55.5426101885168,183.687248225856,"B"
15136.7678064152,50.1662030414186,198.902006757411,"A"
15416.6895399311,51.0499444621907,200.524997653481,"C"
20051.3325919624,63.1383845984871,203.432834334871,"B"
16496.8270001779,53.5976924585032,187.698681896751,"B"
14038.9502267679,44.7262692095656,196.254178690372,"A"
15375.7312965036,49.5225199899499,200.840929590855,"A"
16286.0500278476,49.5742710280747,204.27393172758,"B"
17182.9866633462,55.5341417382677,195.65483099432,"A"
16148.823827949,51.2829602462022,203.820686727055,"B"
16879.87998169,51.7387057139624,194.811781295782,"C"
13511.074568571,46.2953371767146,187.633341717312,"A"
14765.2806314514,47.8579059331412,202.461426401426,"A"
13077.0130665052,44.8254158247775,195.82760041447,"B"
14531.8067042422,47.6601748144354,190.555055419657,"B"
15918.4653982589,55.5779900504291,200.850693071179,"C"
16417.8945257664,52.40179419773,204.321799166941,"B"
15699.0056144036,49.3910733370111,199.018055061592,"A"
17480.1294546396,53.258190729906,207.573695157965,"C"
15445.7007209635,45.8151141018,204.818023443464,"B"
16868.931747736,50.7108020247333,198.244131220341,"C"
15028.8160527046,47.676879770341,207.502144463067,"B"
15200.3671523109,49.3870279712536,196.924179702343,"B"
11689.4304428858,36.1064827315772,198.335306440878,"C"
15894.2561278424,50.142921694501,196.269197259662,"A"
11682.2365580694,44.6601743668006,198.23784289449,"B"
15053.9272740497,49.9355175826669,198.462199456869,"A"
17446.294612218,53.057083097901,197.714276159327,"C"
15272.5613845443,47.0466066715035,201.332350340011,"B"
15220.9195973021,52.0762663774644,198.005034935409,"A"
14446.0784775583,51.7452332191834,205.594685263683,"B"
14825.115261018,46.005325585813,207.25563995997,"B"
16199.1245541006,50.2770996678633,204.476342000473,"C"
15314.9175275904,49.5196586056084,191.416007617025,"B"
16116.3061512445,49.6487495505712,205.586996911608,"B"
17884.1020339767,53.6286110417523,202.672462079474,"B"
16052.0248939341,52.0680261568041,198.991049090795,"B"
16001.0152585944,48.6058325468125,204.493781180334,"C"
13817.9610360127,46.4834514787177,190.845824778625,"B"
14945.8206029104,49.3193631232009,198.025427359468,"B"
18697.8247544626,54.9124299934802,201.103948223621,"B"
17480.6801299733,54.4150536957836,203.301771668743,"B"
15242.1300747293,48.9733309823581,200.5586489938,"C"
16805.2534433813,50.804341146637,208.912119870944,"B"
15939.7476641904,51.2666938907205,205.224344705889,"B"
14926.0859166135,47.5010678883787,209.558297886207,"A"
14577.448067532,48.0702812742507,202.976186160434,"C"
16341.8041303082,52.3460247149799,202.439667837982,"A"
16373.3373038554,47.9379558092329,205.716622703457,"C"
13371.8811472544,48.6820553069233,201.124930765359,"A"
15995.8615328175,52.2908627593137,209.170966568573,"C"
16457.1959996381,52.5094243896344,196.36966710542,"C"
15637.808412438,51.4937902918138,196.415814721247,"B"
16485.5950207034,52.1096534410177,202.918277327792,"A"
15609.8157301118,49.4377183406392,200.35245305713,"B"
17436.8632104084,50.6370603502229,208.58502180779,"B"
15554.2587322232,51.6389791094463,195.091405579126,"A"
16689.3261167511,49.8810709103368,199.361940706007,"B"
15905.9378777707,50.2659524774556,205.676867344078,"B"
14680.784223465,47.3652944348195,206.5703926283,"B"
13498.6360340267,40.8135682192072,188.487352018712,"C"
16058.6645168366,51.0123005535166,202.84686237204,"A"
15178.3534368876,48.1464568365155,195.954970254047,"C"
15080.2824620002,46.4467428844267,207.434823074578,"B"
15335.5294703571,49.6575442790104,195.963649589107,"A"
17315.0235226045,56.0791803979044,207.802261029971,"C"
15163.891270172,48.2019401750201,203.82102868999,"B"
14506.7674715704,50.8517369132533,194.195807696282,"B"
18217.8606632541,61.702960876765,204.540290799896,"B"
13350.8150935876,49.0683784289686,205.582968644674,"B"
15376.9724044677,49.1377840673684,199.254070663405,"C"
15413.6547381439,49.8022917414318,197.807167833995,"C"
14742.9395822894,48.5915700332295,204.262386837046,"C"
14134.4501994694,44.7852008877783,199.695853800269,"A"
17735.3410212907,51.9000012202234,195.889899649831,"A"
13948.4070623444,48.4088056335032,195.063392628969,"A"
13653.7453179834,48.1829356788632,189.64606082326,"B"
13975.8884206712,47.4984892446912,195.808364160478,"B"
12672.3924440102,41.9711359629017,197.825396704023,"C"
16445.1796543589,48.1925375681269,199.566427070262,"C"
16172.9470124256,55.6863264131139,197.79817318328,"A"
16499.108923846,52.5105206383623,203.008194829617,"C"
15992.6790660738,49.8260214571112,204.215072595588,"A"
13089.1972833299,43.0414930038237,198.646808610504,"C"
16160.2159267367,49.3416505332929,196.133807452086,"B"
19878.7621827634,58.9308788552145,210.587847212795,"A"
14907.9268135022,48.3129369495553,197.852957335103,"B"
14725.3000314355,49.4723201322846,203.260843791226,"C"
18013.9380469527,54.1691347149982,201.844813487547,"B"
15843.4509474925,50.8683071843586,201.065051195788,"B"
12993.0598523998,53.6830810061923,206.970153050445,"A"
15273.5792166314,51.1132865462902,191.447860694115,"A"
14956.4470195302,49.100933471324,192.174778446741,"B"
15037.9786187294,47.76344227068,204.085826341801,"B"
15255.4807426259,48.8207047593304,201.171405328587,"C"
17426.0655393932,51.7635084326142,194.676223938483,"B"
13823.7534657657,45.9907408103476,201.663378874099,"B"
16669.3036385423,49.8867795499697,202.924315655716,"A"
16799.7323405321,53.651818136109,196.246131897922,"A"
13663.3356216418,47.9556224186738,199.51725803008,"C"
12480.8967366807,39.8272146334922,209.320667081042,"C"
15568.6483172807,52.3434591426992,200.385997850454,"C"
16037.634807651,48.9218562086524,205.170718149675,"B"
20972.359072107,67.0431300565482,204.065617794608,"C"
15742.6494208186,50.1656341534893,205.258408786346,"A"
13898.9750059343,43.2801007453645,196.57827192464,"B"
16395.6225682836,50.4177976867169,205.696809555422,"B"
15486.2181772356,49.9948340110307,198.923817383822,"C"
12289.8113638904,43.3982024538961,198.958409537775,"C"
15227.8186640091,51.2312084489854,200.435158963599,"C"
15514.1143659548,53.5183829620763,190.617961753405,"A"
15274.0020249187,49.683450987877,198.482851873436,"B"
15298.7264151565,50.4683209756265,196.360452188668,"C"
13309.3021662215,42.098847996022,197.453164765496,"B"
14575.1409781154,50.4781579306213,198.462178006747,"B"
22035.9232196153,62.2014385481781,208.01606861001,"A"
15350.9010858032,52.9909664151108,192.317911660317,"B"
14857.8867379487,49.6356435335257,196.038890242878,"B"
14296.3358662875,48.210939550162,196.882163747966,"C"
15586.9451815306,49.4162553028775,203.961574263782,"A"
16945.7703288354,51.220543860448,197.072625369819,"C"
14244.1090920347,46.643156519522,204.440872754555,"C"
14713.1072840011,49.2872633942842,207.673849997098,"B"
15546.8300529003,53.2780875262572,191.698108241637,"B"
15815.691799726,49.6764701516633,200.355255630598,"B"
16680.1541152517,53.4442887222787,203.586535471387,"B"
15233.129034366,51.2775626216785,191.101912483323,"C"
14042.7386866849,48.4506799098699,200.921265130781,"A"
16104.4513982208,52.836262609822,201.492738322635,"C"
14733.8336049921,52.0142598179554,184.675340020836,"B"
17000.0906967798,56.282552522913,202.799221546014,"A"
16537.3743848972,50.5504673447872,202.501531860878,"B"
16129.3647547715,50.2503643776273,203.579956853412,"A"
18930.5484583502,59.2961462010041,198.917227637527,"B"
14144.4048044674,50.8748893162342,193.864844126454,"A"
13663.3963657823,47.4851792256811,207.06780078934,"A"
16033.4277161922,51.8793090887714,196.909304299605,"B"
14934.1415973493,48.8745018551889,199.0243648759,"A"
13507.5634371608,43.8688398055847,197.625598619385,"A"
13929.5135070043,50.7494983484684,205.722201279007,"C"
19375.9368692519,57.5674429833878,202.877264791045,"B"
16828.6023251631,52.4896319361117,201.737900087009,"A"
15097.3671695559,48.1721558562405,198.523934130952,"B"
14064.0982914247,45.479936060353,193.464516139489,"A"
13457.9452373778,49.687475608959,202.093387087168,"A"
15977.8809406071,47.3161680018294,197.672389660758,"C"
16604.1834282411,54.3085673434297,201.134596061059,"B"
15414.7906547523,50.2532642354661,195.826458402821,"A"
16206.4884584276,57.0397992119831,195.228806903796,"C"
13177.9765292774,48.5540685397029,205.615662902619,"B"
15035.370235087,51.0324571543349,197.584240108947,"B"
15295.9205318277,50.0629709853057,197.117452027489,"A"
14900.6401431426,49.8359776878002,197.945648375355,"A"
16312.025381451,54.9376328264123,189.602888763899,"C"
17306.7750616041,49.3584178226872,197.380402532306,"B"
12656.5243003534,44.0382237913146,208.510717567441,"B"
16192.9650568862,52.4741938580907,203.382055185735,"C"
16313.2055509997,52.34247583709,201.239905431431,"B"
13752.0263437415,45.0793535691024,189.80718606776,"A"
13710.6887198246,48.2619578883827,185.114262943481,"A"
15092.6016749482,41.7510886217263,205.141859716389,"B"
15782.3464765836,51.8035057905463,199.127644622584,"B"
15314.6048745361,48.283807126549,200.804028276637,"C"
17066.775605282,54.2619621449701,203.936394323209,"B"
12545.9061752483,48.8691974046101,194.209678711717,"B"
12874.5980477925,48.9345127625448,194.133822308326,"C"
15438.5339862136,49.1446229860528,202.588857553949,"C"
14452.9203712362,51.2823328359392,190.142833070959,"B"
19807.6675262677,62.8007985059402,198.871755470899,"B"
13198.6745228149,47.5717662479966,189.302618945976,"A"
17694.1074969343,58.4445807550268,197.407973798776,"C"
16814.8907687887,53.2674231680867,204.792008399199,"A"
15668.3214995484,51.8330045884953,196.348319035354,"A"
17088.4507273695,56.9474579694915,206.022408005184,"C"
14531.9455592062,48.545763249634,200.105331887718,"C"
12652.8680989104,38.2249757555735,198.843689680632,"A"
14413.188830809,46.975534977142,198.954735619616,"A"
13790.088871807,48.4220711324907,199.544185010022,"A"
10818.5735269341,35.948042287045,206.300321526665,"C"
15236.1260726251,47.9743019427863,203.084506761614,"B"
17508.3262116325,46.9499160148287,206.363272348832,"B"
16850.5864225877,51.9049476068005,205.807069075728,"B"
15168.1552432145,50.1177367869124,201.572757224998,"C"
16412.7286171231,53.0997141362982,204.662474915246,"C"
14667.8584284764,50.1443326007148,201.975621840004,"B"
19411.7317709085,62.5444356233379,210.954022703245,"B"
14486.2694424091,48.3361116503605,196.779926331578,"B"
15532.6886487415,50.2903973450638,203.228669832069,"B"
14367.6911534436,47.9090575611466,204.033959464002,"A"
16477.6559596677,51.4715708326042,204.012628325486,"B"
15572.8554873671,51.1367688412092,184.636230266277,"B"
16136.0519585868,52.550089816675,203.427131392857,"B"
14813.8013606419,48.9318626673215,203.004960192358,"A"
14097.1973328679,47.1532150576127,194.988837499438,"B"
16075.2729872134,50.8458438878559,190.703268799013,"A"
16452.1570267249,57.5111163550069,187.751664432221,"A"
13476.4862852485,42.8799012247704,201.994308721894,"B"
14670.2335222367,48.2729775362483,199.92346590788,"B"
13779.2181602889,49.3927657356902,186.334447789551,"C"
